filename,notes,authors,licenses,urls
"arms/hands/gloves/male/walk.png","metal gloves by wulax, recolors by bigbeargames, adapted to v3 bases by bluecarrot16, added to expanded animations by JaidynReiman","Michael Whitlock (bigbeargames), Matthew Krohn (makrohn), Johannes Sjölund (wulax), bluecarrot16, JaidynReiman","OGA-BY 3.0, CC-BY-SA 3.0, GPL 3.0","https://opengameart.org/content/lpc-medieval-fantasy-character-sprites, http://opengameart.org/content/lpc-clothing-updates"
"beards/beard/basic/walk.png","Original by Nemisys, repositioning by JaidynReiman.","JaidynReiman, Carlo Enrico Victoria (Nemisys)","CC-BY-SA 3.0, GPL 3.0","https://opengameart.org/content/lpc-white-beard"
"beards/beard/trimmed/walk.png","","ElizaWy","OGA-BY 3.0","https://github.com/ElizaWy/LPC/tree/main/Characters/Hair, https://opengameart.org/content/lpc-expanded-sit-run-jump-more"
"beards/mustache/basic/walk.png","Original by Nemisys, repositioning by JaidynReiman.","JaidynReiman, Carlo Enrico Victoria (Nemisys)","CC-BY-SA 3.0, GPL 3.0","https://opengameart.org/content/lpc-brunet-mustache"
"body/bodies/female/walk.png","see details at https://opengameart.org/content/lpc-character-bases","Benjamin K. Smith (BenCreating), bluecarrot16, TheraHedwig, Evert, MuffinElZangano, Durrani, Pierre Vigier (pvigier), ElizaWy, Matthew Krohn (makrohn), Johannes Sjölund (wulax), Stephen Challener (Redshrike)","OGA-BY 3.0, CC-BY-SA 3.0, GPL 3.0","https://opengameart.org/content/liberated-pixel-cup-lpc-base-assets-sprites-map-tiles, https://opengameart.org/content/lpc-medieval-fantasy-character-sprites, https://opengameart.org/content/lpc-ladies, https://opengameart.org/content/lpc-7-womens-shirts, https://opengameart.org/content/lpc-jump-expanded, https://opengameart.org/content/lpc-be-seated, https://opengameart.org/content/lpc-revised-character-basics, https://gitlab.com/vagabondgame/lpc-characters, https://opengameart.org/content/lpc-male-jumping-animation-by-durrani, https://opengameart.org/content/lpc-runcycle-and-diagonal-walkcycle"
"body/bodies/male/walk.png","see details at https://opengameart.org/content/lpc-character-bases; 'Thick' Male Revised Run/Climb by JaidynReiman (based on ElizaWy's LPC Revised)","bluecarrot16, JaidynReiman, Benjamin K. Smith (BenCreating), Evert, Eliza Wyatt (ElizaWy), TheraHedwig, MuffinElZangano, Durrani, Johannes Sjölund (wulax), Stephen Challener (Redshrike)","OGA-BY 3.0, CC-BY-SA 3.0, GPL 3.0","https://opengameart.org/content/liberated-pixel-cup-lpc-base-assets-sprites-map-tiles, https://opengameart.org/content/lpc-medieval-fantasy-character-sprites, https://opengameart.org/content/lpc-male-jumping-animation-by-durrani, https://opengameart.org/content/lpc-runcycle-and-diagonal-walkcycle, https://opengameart.org/content/lpc-revised-character-basics, https://opengameart.org/content/lpc-be-seated, https://opengameart.org/content/lpc-runcycle-for-male-muscular-and-pregnant-character-bases-with-modular-heads, https://opengameart.org/content/lpc-jump-expanded, https://opengameart.org/content/lpc-character-bases"
"body/bodies/teen/walk.png","","bluecarrot16, Evert, TheraHedwig, Benjamin K. Smith (BenCreating), MuffinElZangano, Durrani, Pierre Vigier (pvigier), Eliza Wyatt (ElizaWy), Matthew Krohn (makrohn), Johannes Sjölund (wulax), Stephen Challener (Redshrike)","OGA-BY 3.0, CC-BY-SA 3.0, GPL 3.0","https://opengameart.org/content/liberated-pixel-cup-lpc-base-assets-sprites-map-tiles, https://opengameart.org/content/lpc-medieval-fantasy-character-sprites, https://opengameart.org/content/lpc-ladies, https://opengameart.org/content/lpc-teen-unisex-base-clothes, https://opengameart.org/content/lpc-jump-expanded, https://opengameart.org/content/lpc-revised-character-basics, https://opengameart.org/content/lpc-be-seated, https://gitlab.com/vagabondgame/lpc-characters, https://opengameart.org/content/lpc-male-jumping-animation-by-durrani, https://opengameart.org/content/lpc-jump-expanded"
"dress/sash/female/walk/black.png","adapted to v3 bases and recolored by bluecarrot16","bluecarrot16, Thane Brimhall (pennomi), laetissima, Matthew Krohn (makrohn)","CC-BY-SA 3.0, GPL 3.0","https://opengameart.org/content/lpc-2-characters"
"facial/glasses/glasses/adult/walk/black.png","","ElizaWy","OGA-BY 3.0","https://github.com/ElizaWy/LPC/tree/main/Characters/Head%20Accessories, https://opengameart.org/content/lpc-expanded-sit-run-jump-more"
"facial/glasses/nerd/adult/walk/black.png","Original by Pennomi, repositioning and recolors by JaidynReiman.","JaidynReiman, Thane Brimhall (pennomi), laetissima","CC-BY-SA 3.0, GPL 3.0","https://opengameart.org/content/lpc-base-character-expressions"
"facial/glasses/round/adult/walk/silver.png","","bluecarrot16, Thane Brimhall (pennomi), laetissima","CC-BY-SA 3.0, GPL 3.0","https://opengameart.org/content/clothing-facial-features-and-ui-elements, https://opengameart.org/content/lpc-gentleman"
"facial/glasses/shades/adult/walk/black.png","Original by Pennomi, repositioning and recolors by JaidynReiman.","JaidynReiman, Thane Brimhall (pennomi), laetissima","CC-BY-SA 3.0, GPL 3.0","https://opengameart.org/content/lpc-base-character-expressions"
"facial/glasses/sunglasses/adult/walk/black.png","","Michael Whitlock (bigbeargames), Thane Brimhall (pennomi), laetissima","CC-BY-SA 3.0, GPL 3.0","https://opengameart.org/content/lpc-base-character-expressions, https://opengameart.org/content/lpc-expanded-hats-facial-helmets"
"feet/boots/basic/male/walk.png","original by Nila122, edited for male and v3 bases by bluecarrot16, Jump/Sit/Emote/Run/Revised Combat by JaidynReiman","JaidynReiman, bluecarrot16, Nila122","OGA-BY 3.0, CC-BY-SA 3.0, GPL 2.0, GPL 3.0","https://opengameart.org/content/lpc-clothes-and-hair, https://opengameart.org/content/lpc-expanded-socks-shoes"
"feet/sandals/male/walk.png","edited for v3 bases by bluecarrot16, Jump/Sit/Emote/Run/Revised Combat by JaidynReiman","Nila122, JaidynReiman, Matthew Krohn (makrohn), Johannes Sjölund (wulax)","OGA-BY 3.0, CC-BY-SA 3.0, GPL 2.0, GPL 3.0","https://opengameart.org/content/lpc-roman-armor, http://opengameart.org/content/lpc-clothing-updates, https://opengameart.org/content/lpc-expanded-socks-shoes"
"feet/sandals/thin/walk.png","edited for v3 bases by bluecarrot16, Jump/Sit/Emote/Run/Revised Combat by JaidynReiman","Nila122, JaidynReiman, Matthew Krohn (makrohn), Johannes Sjölund (wulax)","OGA-BY 3.0, CC-BY-SA 3.0, GPL 2.0, GPL 3.0","https://opengameart.org/content/lpc-roman-armor, http://opengameart.org/content/lpc-clothing-updates, https://opengameart.org/content/lpc-expanded-socks-shoes"
"feet/shoes/basic/male/walk.png","original by wulax, edited for v3 base by bluecarrot16, Jump/Sit/Emote/Run/Revised Combat by JaidynReiman","JaidynReiman, bluecarrot16, Johannes Sjölund (wulax)","OGA-BY 3.0, CC-BY-SA 3.0, GPL 3.0","https://opengameart.org/content/lpc-medieval-fantasy-character-sprites, http://opengameart.org/content/lpc-clothing-updates, https://opengameart.org/content/lpc-expanded-socks-shoes"
"feet/shoes/basic/thin/walk.png","original by wulax, edited for v3 base by bluecarrot16, Jump/Sit/Emote/Run/Revised Combat by JaidynReiman","JaidynReiman, bluecarrot16, Johannes Sjölund (wulax)","OGA-BY 3.0, CC-BY-SA 3.0, GPL 3.0","https://opengameart.org/content/lpc-medieval-fantasy-character-sprites, http://opengameart.org/content/lpc-clothing-updates, https://opengameart.org/content/lpc-expanded-socks-shoes"
"feet/shoes/revised/male/walk.png","original overalls and shoes by ElizaWy, base animations adapted from v3 overalls by bluecarrot16, shoes by JaidynReiman","JaidynReiman, ElizaWy, Bluecarrot16, Stephen Challener (Redshrike), Johannes Sjölund (wulax)","OGA-BY 3.0, GPL 3.0","https://github.com/ElizaWy/LPC/tree/main/Characters/Clothing, https://opengameart.org/content/lpc-expanded-socks-shoes"
"feet/shoes/revised/thin/walk.png","original by ElizaWy, remaining frames by JaidynReiman","ElizaWy, JaidynReiman","OGA-BY 3.0","https://github.com/ElizaWy/LPC/tree/main/Characters/Clothing, https://opengameart.org/content/lpc-expanded-sit-run-jump-more, https://opengameart.org/content/lpc-expanded-socks-shoes"
"hair/afro/adult/walk.png","","bluecarrot16","CC0","https://opengameart.org/content/lpc-hair"
"hair/balding/adult/walk.png","","ElizaWy","OGA-BY 3.0","https://opengameart.org/content/lpc-hair"
"hair/bangs_bun/adult/walk.png","Original by bluecarrot16, animated by ElizaWy.","ElizaWy, bluecarrot16","CC0","https://opengameart.org/content/lpc-hair, https://github.com/ElizaWy/LPC/blob/main/Characters/Hair, https://opengameart.org/content/lpc-expanded-sit-run-jump-more"
"hair/bedhead/adult/walk.png","","JaidynReiman, Manuel Riecke (MrBeast)","CC-BY-SA 3.0, GPL 3.0","https://opengameart.org/content/liberated-pixel-cup-lpc-base-assets-sprites-map-tiles, https://opengameart.org/content/lpc-expanded-hair"
"hair/bob/adult/walk.png","Original by bluecarrot16. Edited and animated by ElizaWy.","ElizaWy, bluecarrot16","CC0","https://opengameart.org/content/lpc-hair, https://github.com/ElizaWy/LPC/blob/main/Characters/Hair, https://opengameart.org/content/lpc-expanded-sit-run-jump-more"
"hair/braid/adult/fg/walk.png","","Nila122, ElizaWy","OGA-BY 3.0, CC-BY-SA 3.0, GPL 3.0, GPL 2.0","https://opengameart.org/content/3-hairs-for-lpc, https://opengameart.org/content/lpc-hair"
"hair/buzzcut/adult/walk.png","","ElizaWy","OGA-BY 3.0","https://opengameart.org/content/lpc-hair"
"hair/cornrows/adult/walk.png","Original by bluecarrot16, animated by ElizaWy.","ElizaWy, bluecarrot16","CC0","https://opengameart.org/content/lpc-hair, https://github.com/ElizaWy/LPC/blob/main/Characters/Hair, https://opengameart.org/content/lpc-expanded-sit-run-jump-more"
"hair/curly_long/adult/walk.png","","ElizaWy","OGA-BY 3.0","https://opengameart.org/content/lpc-hair"
"hair/curly_short/adult/walk.png","","ElizaWy","OGA-BY 3.0","https://opengameart.org/content/lpc-hair, https://opengameart.org/content/lpc-expanded-sit-run-jump-more"
"hair/dreadlocks_short/adult/walk.png","Original by bluecarrot16. Animated by ElizaWy.","ElizaWy, bluecarrot16","CC0","https://opengameart.org/content/lpc-hair, https://github.com/ElizaWy/LPC/blob/main/Characters/Hair, https://opengameart.org/content/lpc-expanded-sit-run-jump-more"
"hair/high_and_tight/adult/walk.png","","Skorpio, bluecarrot16","CC-BY-SA 3.0, GPL 3.0","https://opengameart.org/content/lpc-skorpios-scifi-sprite-pack, https://opengameart.org/content/lpc-hair"
"hair/high_ponytail/adult/fg/walk.png","","JaidynReiman, ElizaWy, bluecarrot16","OGA-BY 3.0","https://opengameart.org/content/lpc-hair, https://opengameart.org/content/lpc-expanded-hair"
"hair/long_straight/adult/walk.png","","JaidynReiman, thecilekli, bluecarrot16","CC0","https://opengameart.org/content/lpc-long-straight-hair-with-12-colors, https://opengameart.org/content/lpc-hair, https://opengameart.org/content/lpc-expanded-hair"
"hair/messy1/adult/walk.png","","JaidynReiman, Manuel Riecke (MrBeast)","CC-BY-SA 3.0, GPL 3.0","https://opengameart.org/content/liberated-pixel-cup-lpc-base-assets-sprites-map-tiles, https://opengameart.org/content/lpc-expanded-hair"
"hair/natural/adult/walk.png","Original by bluecarrot16, animations by ElizaWy.","ElizaWy, bluecarrot16","CC0","https://opengameart.org/content/lpc-hair, https://github.com/ElizaWy/LPC/blob/main/Characters/Hair, https://opengameart.org/content/lpc-expanded-sit-run-jump-more"
"hair/parted/adult/walk.png","down 4 and 5 added by JaidynReiman; recolors by Joe White; original by Manuel Riecke (MrBeast)","JaidynReiman, Joe White, Manuel Riecke (MrBeast)","CC-BY-SA 3.0, GPL 3.0","https://opengameart.org/content/liberated-pixel-cup-lpc-base-assets-sprites-map-tiles, https://github.com/jrconway3/Universal-LPC-spritesheet/commit/46ddcf05a0e43e7aa6ffd47d350eef0eb529ac24, https://opengameart.org/content/lpc-expanded-hair"
"hair/plain/adult/walk.png","","JaidynReiman, Manuel Riecke (MrBeast), Joe White","OGA-BY 3.0, CC-BY-SA 3.0, GPL 3.0","https://opengameart.org/content/liberated-pixel-cup-lpc-base-assets-sprites-map-tiles, https://opengameart.org/content/ponytail-and-plain-hairstyles, https://opengameart.org/content/lpc-expanded-hair"
"hair/ponytail/adult/fg/walk.png","","JaidynReiman, Manuel Riecke (MrBeast)","CC-BY-SA 3.0, GPL 3.0","https://opengameart.org/content/liberated-pixel-cup-lpc-base-assets-sprites-map-tiles, https://opengameart.org/content/lpc-expanded-hair"
"hair/spiked2/adult/walk.png","","Fabzy, bluecarrot16","CC-BY-SA 3.0","https://opengameart.org/content/the-revolution-hair, https://opengameart.org/content/lpc-hair"
"hair/swoop/adult/walk.png","","JaidynReiman, Manuel Riecke (MrBeast)","CC-BY-SA 3.0, GPL 3.0","https://opengameart.org/content/liberated-pixel-cup-lpc-base-assets-sprites-map-tiles, https://opengameart.org/content/lpc-expanded-hair"
"hair/twists_fade/adult/walk.png","","bluecarrot16","CC0","https://opengameart.org/content/lpc-hair"
"hair/wavy/adult/fg/walk.png","","JaidynReiman, Nila122","OGA-BY 3.0, CC-BY-SA 3.0, GPL 2.0, GPL 3.0","https://opengameart.org/content/3-hairs-for-lpc, https://opengameart.org/content/lpc-expanded-hair"
"hat/cloth/bandana/adult/walk.png","","Matthew Krohn (makrohn), JaidynReiman, Marcel van de Steeg (MadMarcel), JaidynReiman","OGA-BY 3.0, CC-BY-SA 3.0","https://opengameart.org/content/lpc-female-orcogregoblintroll-base-walkcycle, https://github.com/makrohn/Universal-LPC-spritesheet/commit/f50007cb47c235d8896cafae7a613f0b6a9a09a8?short_path=02b86d4#diff-02b86d45789a3e3e8e79519c7d17d15c9e6ecc9b4ddecb1bcd8dfbbaef430b75, https://opengameart.org/content/lpc-expanded-hats-facial-helmets"
"hat/cloth/hood/adult/walk.png","Brown hood by Wulax, original black/white recolors by ??, mapped to idle/run/jump/revised combat by JaidynReiman, along with additional recolors.","Johannes Sjölund (wulax), JaidynReiman","OGA-BY 3.0, CC-BY-SA 3.0, GPL 3.0","https://opengameart.org/content/lpc-medieval-fantasy-character-sprites, https://opengameart.org/content/lpc-expanded-hats-facial-helmets"
"hat/pirate/bonnie/adult/walk/black.png","Bonnie Hat by Bluecarrot16, layers and added animations by JaidynReiman","bluecarrot16, JaidynReiman","OGA-BY 3.0","https://opengameart.org/content/lpc-pirates, https://opengameart.org/content/lpc-expanded-hats-facial-helmets"
"hat/pirate/bonnie/adult/walk/navy.png","Bonnie Hat by Bluecarrot16, layers and added animations by JaidynReiman","bluecarrot16, JaidynReiman","OGA-BY 3.0","https://opengameart.org/content/lpc-pirates, https://opengameart.org/content/lpc-expanded-hats-facial-helmets"
"hat/pirate/bonnie/adult/walk/red.png","Bonnie Hat by Bluecarrot16, layers and added animations by JaidynReiman","bluecarrot16, JaidynReiman","OGA-BY 3.0","https://opengameart.org/content/lpc-pirates, https://opengameart.org/content/lpc-expanded-hats-facial-helmets"
"head/faces/elderly/anger/walk.png","Original by Redshrike, Expressions by ElizaWy, mapped to all frames by JaidynReiman","JaidynReiman, ElizaWy, Stephen Challener (Redshrike)","OGA-BY 3.0","https://github.com/ElizaWy/LPC/tree/main/Characters/Head, https://opengameart.org/content/ulpc-expanded-expressions"
"head/faces/male/anger/walk.png","Original by Redshrike, Expressions by ElizaWy, mapped to all frames by JaidynReiman","JaidynReiman, ElizaWy, Stephen Challener (Redshrike)","OGA-BY 3.0","https://github.com/ElizaWy/LPC/tree/main/Characters/Head, https://opengameart.org/content/ulpc-expanded-expressions"
"head/faces/male/closing/walk.png","Original by Redshrike, Expressions by ElizaWy, mapped to all frames by JaidynReiman","JaidynReiman, ElizaWy, Stephen Challener (Redshrike)","OGA-BY 3.0","https://github.com/ElizaWy/LPC/tree/main/Characters/Head, https://opengameart.org/content/ulpc-expanded-expressions"
"head/heads/human/female/walk.png","original head by Redshrike, tweaks by BenCreating, modular version by bluecarrot16","bluecarrot16, Benjamin K. Smith (BenCreating), Stephen Challener (Redshrike)","OGA-BY 3.0, CC-BY-SA 3.0, GPL 3.0","https://opengameart.org/content/, https://opengameart.org/content/lpc-character-bases"
"head/heads/human/male_elderly/walk.png","","Benjamin K. Smith (BenCreating), Eliza Wyatt (ElizaWy), Stephen Challener (Redshrike)","OGA-BY 3.0, CC-BY 3.0","https://opengameart.org/content/liberated-pixel-cup-lpc-base-assets-sprites-map-tiles, https://opengameart.org/content/lpc-revised-elders, https://opengameart.org/content/lpc-character-bases"
"head/heads/human/male_gaunt/walk.png","original head by Redshrike, gaunt version by bluecarrot16","Stephen Challener (Redshrike), bluecarrot16","OGA-BY 3.0, CC-BY-SA 3.0, GPL 3.0","https://opengameart.org/content/liberated-pixel-cup-lpc-base-assets-sprites-map-tiles, https://opengameart.org/content/lpc-folk"
"head/heads/human/male_plump/walk.png","original head by Redshrike, plump version by ??","Stephen Challener (Redshrike), ??","CC-BY-SA 3.0, GPL 3.0","https://opengameart.org/content/liberated-pixel-cup-lpc-base-assets-sprites-map-tiles, https://opengameart.org/content/lpc-folk"
"head/heads/human/male/walk.png","original head by Redshrike, tweaks by BenCreating, modular version by bluecarrot16","bluecarrot16, Benjamin K. Smith (BenCreating), Stephen Challener (Redshrike)","OGA-BY 3.0, CC-BY-SA 3.0, GPL 3.0","https://opengameart.org/content/liberated-pixel-cup-lpc-base-assets-sprites-map-tiles, https://opengameart.org/content/lpc-character-bases"
"legs/pants/male/walk.png","original male pants by wulax, recolors and edits to v3 base by bluecarrot16, climb/jump/run/sit/emotes/revised combat by JaidynReiman based on ElizaWy's LPC Revised","bluecarrot16, JaidynReiman, ElizaWy, Matthew Krohn (makrohn), Johannes Sjölund (wulax), Stephen Challener (Redshrike)","OGA-BY 3.0, GPL 3.0, CC-BY-SA 3.0","https://opengameart.org/content/liberated-pixel-cup-lpc-base-assets-sprites-map-tiles, https://opengameart.org/content/lpc-medieval-fantasy-character-sprites, https://opengameart.org/content/lpc-expanded-pants"
"legs/pants/thin/walk.png","original male pants by wulax, edited for female by Joe White, recolors and edits to v3 base by bluecarrot16, teen legs by ElizaWy derived from base, climb/jump/run/sit/emotes/revised combat by JaidynReiman based on ElizaWy's LPC Revised","bluecarrot16, JaidynReiman, ElizaWy, Joe White, Matthew Krohn (makrohn), Johannes Sjölund (wulax), Stephen Challener (Redshrike)","OGA-BY 3.0, GPL 3.0, CC-BY-SA 3.0","https://opengameart.org/content/liberated-pixel-cup-lpc-base-assets-sprites-map-tiles, https://opengameart.org/content/lpc-medieval-fantasy-character-sprites, http://opengameart.org/content/lpc-clothing-updates, https://opengameart.org/content/lpc-expanded-pants"
"legs/pants2/male/walk.png","original overalls by ElizaWy, base animations adapted from v3 overalls by bluecarrot16, pants by JaidynReiman","JaidynReiman, ElizaWy, Bluecarrot16, Johannes Sjölund (wulax), Stephen Challener (Redshrike)","OGA-BY 3.0, GPL 3.0","https://github.com/ElizaWy/LPC/tree/main/Characters/Clothing, https://opengameart.org/content/lpc-expanded-sit-run-jump-more, https://opengameart.org/content/lpc-expanded-pants"
"legs/pants2/thin/walk.png","Original bases by Redshrike, thrust/shoot bases by Wulax, original pants by ElizaWy, climb/jump/run/sit/emotes/revised combat by JaidynReiman","ElizaWy, JaidynReiman, Johannes Sjölund (wulax), Stephen Challener (Redshrike)","OGA-BY 3.0","https://github.com/ElizaWy/LPC/tree/main/Characters/Clothing, https://opengameart.org/content/lpc-expanded-sit-run-jump-more, https://opengameart.org/content/lpc-expanded-pants"
"legs/shorts/shorts/male/walk.png","Original bases by Redshrike, thrust/shoot bases by Wulax, original overalls and shorts by ElizaWy, base animations adapted from v3 overalls by bluecarrot16, shorts by JaidynReiman","JaidynReiman, ElizaWy, Bluecarrot16, Johannes Sjölund (wulax), Stephen Challener (Redshrike)","OGA-BY 3.0, GPL 3.0","https://github.com/ElizaWy/LPC/tree/main/Characters/Clothing, https://opengameart.org/content/lpc-expanded-pants"
"legs/shorts/shorts/thin/walk.png","Original bases by Redshrike, thrust/shoot bases by Wulax, original shorts by ElizaWy, climb/jump/run/sit/emotes/revised combat by JaidynReiman","ElizaWy, JaidynReiman, Johannes Sjölund (wulax), Stephen Challener (Redshrike)","OGA-BY 3.0","https://github.com/ElizaWy/LPC/tree/main/Characters/Clothing, https://opengameart.org/content/lpc-expanded-sit-run-jump-more, https://opengameart.org/content/lpc-expanded-pants"
"neck/scarf/walk.png","Original by Nila122, climb/sit/emote/jump/run animations by JaidynReiman","Nila122, JaidynReiman, Johannes Sjölund (wulax), Stephen Challener (Redshrike)","OGA-SA 3.0, CC-BY-SA 3.0, GPL 2.0, GPL 3.0","https://opengameart.org/content/more-lpc-clothes-and-hair"
"neck/tie/bowtie/adult/walk.png","Originally by pennomi/laetissima/Makrohn, edited by bluecarrot16, recolors by JaidynReiman","JaidynReiman, bluecarrot16, Thane Brimhall (pennomi), laetissima, Makrohn","CC-BY-SA 3.0, GPL 3.0","https://opengameart.org/content/lpc-2-characters, https://opengameart.org/content/lpc-gentleman"
"neck/tie/bowtie2/adult/walk.png","","ElizaWy","OGA-BY 3.0","https://github.com/ElizaWy/LPC/tree/main/Characters/Clothing/Feminine%2C%20Thin/Accessories, https://github.com/ElizaWy/LPC/tree/main/Characters/Clothing/Masculine%2C%20Thin/Accessories/Neckwear%2001%20-%20Bowtie, https://opengameart.org/content/lpc-expanded-sit-run-jump-more"
"neck/tie/necktie/female/walk.png","Originally by pennomi/laetissima/Makrohn, edited by bluecarrot16, animations and recolors by JaidynReiman","JaidynReiman, bluecarrot16, Thane Brimhall (pennomi), laetissima, Makrohn","CC-BY-SA 3.0, GPL 3.0","https://opengameart.org/content/lpc-2-characters, https://opengameart.org/content/lpc-gentleman"
"neck/tie/necktie/male/walk.png","Originally by pennomi/laetissima/Makrohn, edited by bluecarrot16, animations and recolors by JaidynReiman","JaidynReiman, bluecarrot16, Thane Brimhall (pennomi), laetissima, Makrohn","CC-BY-SA 3.0, GPL 3.0","https://opengameart.org/content/lpc-2-characters, https://opengameart.org/content/lpc-gentleman"
"shoulders/epaulets/male/walk.png","Original by bluecarrot16, jump/run/sit/emote/revised combat frames and female by JaidynReiman","bluecarrot16, JaidynReiman","OGA-BY 3.0, CC-BY-SA 3.0","https://opengameart.org/content/lpc-pirates"
"shoulders/epaulets/thin/walk.png","Original by bluecarrot16, jump/run/sit/emote/revised combat frames and female by JaidynReiman","bluecarrot16, JaidynReiman","OGA-BY 3.0, CC-BY-SA 3.0","https://opengameart.org/content/lpc-pirates"
"torso/aprons/overalls/male/walk/navy.png","original overalls by ElizaWy, extended to all animation frames, adapted from teen to male base, and edited for v3 bases by bluecarrot16; extended to combat animations by JaidynReiman","ElizaWy, bluecarrot16, JaidynReiman","OGA-BY 3.0, GPL 3.0","https://opengameart.org/content/lpc-revised-character-basics, http://opengameart.org/content/lpc-clothing-updates"
"torso/clothes/longsleeve/longsleeve/female/walk.png","original by ElizaWy, edited to v3 bases by bluecarrot16; cleanup and climb/jump/run/sit/emote/revised combat adapted from LPC Revised by JaidynReiman","bluecarrot16, ElizaWy, JaidynReiman, Stephen Challener (Redshrike)","OGA-BY 3.0, CC-BY-SA 3.0, GPL 3.0","https://opengameart.org/content/liberated-pixel-cup-lpc-base-assets-sprites-map-tiles, https://opengameart.org/content/lpc-7-womens-shirts, http://opengameart.org/content/lpc-clothing-updates, https://opengameart.org/content/lpc-revised-character-basics, https://github.com/ElizaWy/LPC/tree/main/Characters/Clothing, https://opengameart.org/content/lpc-expanded-sit-run-jump-more, https://opengameart.org/content/lpc-expanded-simple-shirts"
"torso/clothes/longsleeve/longsleeve/male/walk.png","original by wulax; tweaks and further recolors by bluecarrot16; cleanup and climb/jump/run/sit/emote/revised combat adapted from LPC Revised by JaidynReiman","JaidynReiman, Johannes Sjölund (wulax)","OGA-BY 3.0, CC-BY-SA 3.0, GPL 3.0","https://opengameart.org/content/lpc-medieval-fantasy-character-sprites, http://opengameart.org/content/lpc-clothing-updates, https://opengameart.org/content/lpc-revised-character-basics, https://github.com/ElizaWy/LPC/tree/main/Characters/Clothing, https://opengameart.org/content/lpc-expanded-sit-run-jump-more, https://opengameart.org/content/lpc-expanded-simple-shirts"
"torso/clothes/longsleeve/longsleeve2_buttoned/female/walk.png","original by ElizaWy; spellcast/thrust/shoot/hurt/male adapted from original by JaidynReiman","ElizaWy, JaidynReiman, Stephen Challener (Redshrike), Johannes Sjölund (wulax)","OGA-BY 3.0","http://opengameart.org/content/lpc-revised-character-basics, https://github.com/ElizaWy/LPC/tree/main/Characters/Clothing, https://opengameart.org/content/lpc-expanded-sit-run-jump-more, https://opengameart.org/content/lpc-expanded-simple-shirts"
"torso/clothes/longsleeve/longsleeve2_buttoned/male/walk.png","original by ElizaWy; spellcast/thrust/shoot/hurt/male adapted from original by JaidynReiman","ElizaWy, JaidynReiman, Stephen Challener (Redshrike), Johannes Sjölund (wulax)","OGA-BY 3.0","http://opengameart.org/content/lpc-revised-character-basics, https://github.com/ElizaWy/LPC/tree/main/Characters/Clothing, https://opengameart.org/content/lpc-expanded-sit-run-jump-more, https://opengameart.org/content/lpc-expanded-simple-shirts"
"torso/clothes/longsleeve/longsleeve2_cardigan/male/walk.png","original by ElizaWy; spellcast/thrust/shoot/hurt/male adapted from original by JaidynReiman","ElizaWy, JaidynReiman, Stephen Challener (Redshrike), Johannes Sjölund (wulax)","OGA-BY 3.0","http://opengameart.org/content/lpc-revised-character-basics, https://github.com/ElizaWy/LPC/tree/main/Characters/Clothing, https://opengameart.org/content/lpc-expanded-sit-run-jump-more, https://opengameart.org/content/lpc-expanded-simple-shirts"
"torso/clothes/longsleeve/longsleeve2_polo/male/walk.png","original by ElizaWy; spellcast/thrust/shoot/hurt/male adapted from original by JaidynReiman","ElizaWy, JaidynReiman, Stephen Challener (Redshrike), Johannes Sjölund (wulax)","OGA-BY 3.0","http://opengameart.org/content/lpc-revised-character-basics, https://github.com/ElizaWy/LPC/tree/main/Characters/Clothing, https://opengameart.org/content/lpc-expanded-sit-run-jump-more, https://opengameart.org/content/lpc-expanded-simple-shirts"
"torso/clothes/longsleeve/longsleeve2_scoop/female/walk.png","original by ElizaWy; spellcast/thrust/shoot/hurt/male adapted from original by JaidynReiman","ElizaWy, JaidynReiman, Stephen Challener (Redshrike), Johannes Sjölund (wulax)","OGA-BY 3.0","http://opengameart.org/content/lpc-revised-character-basics, https://github.com/ElizaWy/LPC/tree/main/Characters/Clothing, https://opengameart.org/content/lpc-expanded-sit-run-jump-more, https://opengameart.org/content/lpc-expanded-simple-shirts"
"torso/clothes/longsleeve/longsleeve2_vneck/male/walk.png","original by ElizaWy; spellcast/thrust/shoot/hurt/male adapted from original by JaidynReiman","ElizaWy, JaidynReiman, Stephen Challener (Redshrike), Johannes Sjölund (wulax)","OGA-BY 3.0","http://opengameart.org/content/lpc-revised-character-basics, https://github.com/ElizaWy/LPC/tree/main/Characters/Clothing, https://opengameart.org/content/lpc-expanded-sit-run-jump-more, https://opengameart.org/content/lpc-expanded-simple-shirts"
"torso/clothes/longsleeve/longsleeve2_vneck/teen/walk.png","original by ElizaWy; spellcast/thrust/shoot/hurt/male adapted from original by JaidynReiman","ElizaWy, JaidynReiman, Stephen Challener (Redshrike), Johannes Sjölund (wulax)","OGA-BY 3.0","http://opengameart.org/content/lpc-revised-character-basics, https://github.com/ElizaWy/LPC/tree/main/Characters/Clothing, https://opengameart.org/content/lpc-expanded-sit-run-jump-more, https://opengameart.org/content/lpc-expanded-simple-shirts"
"torso/clothes/longsleeve/longsleeve2/male/walk.png","original by ElizaWy; spellcast/thrust/shoot/hurt/male adapted from original by JaidynReiman","ElizaWy, JaidynReiman, Stephen Challener (Redshrike), Johannes Sjölund (wulax)","OGA-BY 3.0","https://opengameart.org/content/lpc-revised-character-basics, https://github.com/ElizaWy/LPC/tree/main/Characters/Clothing, https://opengameart.org/content/lpc-expanded-sit-run-jump-more, https://opengameart.org/content/lpc-expanded-simple-shirts"
"torso/clothes/longsleeve/longsleeve2/teen/walk.png","original by ElizaWy; spellcast/thrust/shoot/hurt/male adapted from original by JaidynReiman","ElizaWy, JaidynReiman, Stephen Challener (Redshrike), Johannes Sjölund (wulax)","OGA-BY 3.0","https://opengameart.org/content/lpc-revised-character-basics, https://github.com/ElizaWy/LPC/tree/main/Characters/Clothing, https://opengameart.org/content/lpc-expanded-sit-run-jump-more, https://opengameart.org/content/lpc-expanded-simple-shirts"
"torso/clothes/longsleeve/longsleeves2/male/walk.png","original by ElizaWy; spellcast/thrust/shoot/hurt/male/standalone sleeves adapted from original by JaidynReiman","ElizaWy, JaidynReiman, Stephen Challener (Redshrike), Johannes Sjölund (wulax)","OGA-BY 3.0","http://opengameart.org/content/lpc-revised-character-basics, https://github.com/ElizaWy/LPC/tree/main/Characters/Clothing, https://opengameart.org/content/lpc-expanded-sit-run-jump-more, https://opengameart.org/content/lpc-expanded-simple-shirts"
"torso/clothes/shortsleeve/shortsleeve_polo/female/walk.png","original by ElizaWy; spellcast/thrust/shoot/hurt/male adapted from original by JaidynReiman","ElizaWy, JaidynReiman, Stephen Challener (Redshrike), Johannes Sjölund (wulax)","OGA-BY 3.0","http://opengameart.org/content/lpc-revised-character-basics, https://github.com/ElizaWy/LPC/tree/main/Characters/Clothing, https://opengameart.org/content/lpc-expanded-sit-run-jump-more, https://opengameart.org/content/lpc-expanded-simple-shirts"
"torso/clothes/shortsleeve/shortsleeve_polo/male/walk.png","original by ElizaWy; spellcast/thrust/shoot/hurt/male adapted from original by JaidynReiman","ElizaWy, JaidynReiman, Stephen Challener (Redshrike), Johannes Sjölund (wulax)","OGA-BY 3.0","http://opengameart.org/content/lpc-revised-character-basics, https://github.com/ElizaWy/LPC/tree/main/Characters/Clothing, https://opengameart.org/content/lpc-expanded-sit-run-jump-more, https://opengameart.org/content/lpc-expanded-simple-shirts"
"torso/clothes/shortsleeve/tshirt/male/walk.png","original by ElizaWy; spellcast/thrust/shoot/hurt/male adapted from original by JaidynReiman","ElizaWy, JaidynReiman, Stephen Challener (Redshrike), Johannes Sjölund (wulax)","OGA-BY 3.0","https://opengameart.org/content/lpc-revised-character-basics, https://github.com/ElizaWy/LPC/tree/main/Characters/Clothing, https://opengameart.org/content/lpc-expanded-sit-run-jump-more, https://opengameart.org/content/lpc-expanded-simple-shirts"
"torso/clothes/sleeveless/sleeveless2_vneck/male/walk.png","original by ElizaWy; sleeveless adapted from original by JaidynReiman","ElizaWy, JaidynReiman, Stephen Challener (Redshrike), Johannes Sjölund (wulax)","OGA-BY 3.0","http://opengameart.org/content/lpc-revised-character-basics, https://github.com/ElizaWy/LPC/tree/main/Characters/Clothing, https://opengameart.org/content/lpc-expanded-sit-run-jump-more, https://opengameart.org/content/lpc-expanded-simple-shirts"
"weapon/sword/dagger/behind/hurt.png","","bluecarrot16,Johannes Sjölund (wulax),Matthew Krohn (makrohn)","OGA-BY 3.0,CC-BY-SA 3.0,GPL 3.0","https://opengameart.org/content/lpc-medieval-fantasy-character-sprites,https://opengameart.org/content/lpc-extended-weapon-animations"
"weapon/sword/dagger/behind/slash.png","","bluecarrot16,Johannes Sjölund (wulax),Matthew Krohn (makrohn)","OGA-BY 3.0,CC-BY-SA 3.0,GPL 3.0","https://opengameart.org/content/lpc-medieval-fantasy-character-sprites,https://opengameart.org/content/lpc-extended-weapon-animations"
"weapon/sword/dagger/behind/thrust.png","","bluecarrot16,Johannes Sjölund (wulax),Matthew Krohn (makrohn)","OGA-BY 3.0,CC-BY-SA 3.0,GPL 3.0","https://opengameart.org/content/lpc-medieval-fantasy-character-sprites,https://opengameart.org/content/lpc-extended-weapon-animations"
"weapon/sword/dagger/behind/walk.png","","bluecarrot16,Johannes Sjölund (wulax),Matthew Krohn (makrohn)","OGA-BY 3.0,CC-BY-SA 3.0,GPL 3.0","https://opengameart.org/content/lpc-medieval-fantasy-character-sprites,https://opengameart.org/content/lpc-extended-weapon-animations"
"weapon/sword/dagger/hurt.png","","bluecarrot16,Johannes Sjölund (wulax),Matthew Krohn (makrohn)","OGA-BY 3.0,CC-BY-SA 3.0,GPL 3.0","https://opengameart.org/content/lpc-medieval-fantasy-character-sprites,https://opengameart.org/content/lpc-extended-weapon-animations"
"weapon/sword/dagger/slash.png","","bluecarrot16,Johannes Sjölund (wulax),Matthew Krohn (makrohn)","OGA-BY 3.0,CC-BY-SA 3.0,GPL 3.0","https://opengameart.org/content/lpc-medieval-fantasy-character-sprites,https://opengameart.org/content/lpc-extended-weapon-animations"
"weapon/sword/dagger/thrust.png","","bluecarrot16,Johannes Sjölund (wulax),Matthew Krohn (makrohn)","OGA-BY 3.0,CC-BY-SA 3.0,GPL 3.0","https://opengameart.org/content/lpc-medieval-fantasy-character-sprites,https://opengameart.org/content/lpc-extended-weapon-animations"
"weapon/sword/dagger/walk.png","","bluecarrot16,Johannes Sjölund (wulax),Matthew Krohn (makrohn)","OGA-BY 3.0,CC-BY-SA 3.0,GPL 3.0","https://opengameart.org/content/lpc-medieval-fantasy-character-sprites,https://opengameart.org/content/lpc-extended-weapon-animations"
